,C7. [VITC] You scored a  for this benefit description. What makes you give this score?,C7. [Rose] You scored a  for this benefit description. What makes you give this score?,C7. [Honey] You scored a  for this benefit description. What makes you give this score?,B4oe. [VISIBLY SMOOTHER SKIN IN 2 WEEKS ] You mentioned that you are  any of the products in the statement. Which part of the product description makes you say that? ,B4oe. [3 VITAMINS FOR VISIBLY SMOOTHER SKIN] You mentioned that you are  any of the products in the statement. Which part of the product description makes you say that? ,B4oe. [STRENGTHEN SKIN BARRIER BY +40%] You mentioned that you are  any of the products in the statement. Which part of the product description makes you say that? ,B4oe. [CLINICALLY PROVEN 30% SMOOTHER SKIN ] You mentioned that you are  any of the products in the statement. Which part of the product description makes you say that? ,B4oe. [89% SMOOTHER SKIN IN 2 WEEKS ] You mentioned that you are  any of the products in the statement. Which part of the product description makes you say that? ,B4oe. [MINIMALIST - 91% FELT HYDRATED & SMOOTH SKIN] You mentioned that you are  any of the products in the statement. Which part of the product description makes you say that?
respid,oqC7_3,oqC7_1,oqC7_2,oqB4_1,oqB4_2,oqB4_3,oqB4_4,oqB4_5,oqB4_6
2,Provied glow from within,It deals with dull skin and gives rosy and healthy skin,Gives healhy glow,,89% smoother skin,,,Gives smoother skin in 2 weeks,Nothing soecific
4,It gives glow very fast,It gives skin glow,It gives healthy grow of face,,,It gives face glow very fast,In this product vitamin c are available,,The serum gives smooth skin
7,it is clinically proven to give good results,looks like something new,honey is not my type of skin care routien,presence of antioxidants and vitamins in it,it gives smoother and softer skin,,,,it has niacinamide inide it
9,I look for vitamin c ingredients in my makeup products,Repairs skin damage,My skin is sensitive to honey,Smoother skin in very less time,,,,Multivitamins and smooth skin,I need something to make my skin feel hydrated
11,Olay,Niacinamide presence,Reduces skin dullness,Olay,Olay,Skin strengthen
13,Because my skin is dry and dull.,nothing,Because i dont have sun tone,i will buy in the future,,,I buy in the future,because i buy in the future
14,In our busy life we need easy method to take care of our skin And play one of the most reliable brand,Our skin wants extra care   this serum suits for skin repairing,I gave this product 4  because they promise to give us luminous even and healthy glow,Olay regenerist antioxidant give smooth skin .and this the need of  our skjn,,,,This product gives life to ou akin,This serum best for dry skin that's why we should buy this
16,everyone wants glowing skin, that is best in olay,because 98% dskin damage recover,Honey is goid for tightened the skin,Very good for skin,,,,Olay gives smoother skin in 2weeks that i loved to be,Hydrated skin and smooth skin thati liked
17,Olay is the best brand,Because main reason is content,Because this is the best for skin,,Specially vitamin c,Best for vitamin b3 for skin,,,I think this product is easy to use
18,It is best,It is good,It is good soothes to skin,,,It is good,It is very best,Very best
20,It has niacinamide and vitamin c for glowing and radiant skin.,It repairs tired and dull skin, It make healthy glow of your skin.,It reduces 2x accumulated spots caused by sun malaika, It has niacinamide and honey complex which reduces spots 5x more.,It is good for healthy and glowing skin.,,,It will give me 30% smoother skin.,It has antioxidants vitamin C, D, and E which makes 89% smoother in 2 weeks.
22,It has advanced ingredients that are very effective on skin,Niacinamide is very effective to re energize skin cells,Because of honey And niacinamide,,It can increases our skin glow to 3x times,Because of vitamin B3,C,E,,,Because niacinamide is very effective for skin it helps to hydrate our skin
28,Vitmain c,Repairs skin damages,Reduces spots,Smoither skin,,Contains vutman b3, C, E,Smoither skin
29,Effective,Different,New,,,Good,Good,Smoother
30,this is a great scientifically advanced idea to bring a healthy glow on the skin,I think this is a great product idea which repairs skin dullness and replaces it with a healthy glow,I gave this score because I find this product to be agreat idea, something which I want for my skin repair,this product will give me a smooth skin because it contains 3 Vitamins,This variant contains 3 Vitamins which will give me a smooth skin,,,,The fact that this hydrates the skin and makes it smooth makes it a worthy buy
31,The product looks bad,Doesn't look believable,It looks believable and useful,,Price,,Price,,Smooth skin
32,New products want to try how it's work,Want to check how it work,New products and concepts want to try,,To check the quality of the product,To try it how it's really work,Want to check the quality of the products how it's work
33,very good quality,very morden and very easy,very good quality,very smooth,,very unique quality,,very good quality
34,I have used Olay before but not very happy with the results,Contents.Time it has mentioned to start feeling the difference in your skin after using the product,Not interested in buying this product, it doesn't specify if it has SPF or not. The city I reside in requires sunscreen everytime you step out of the house,No SPF NO anti Aging,,,No mention of SPF  Not anti aging Greasy or not ,unsure about it,NO SPF NO ANTI AGING
40,Vitamin-c is good for our skin and okay has this ingredient which attracted me towards this product,Rose complex is attractive line and i love to apply serum which has rose ingredient in it,Honey complex super serum is attractive product because they written super serum and other side there is not super moisturizer just written moisturizer,In 2 week this product give me smoother skin which is not seriously believable,Because packaging is not that up to mark and its expensive side,40% making this product more attractive then before
42,Glow skin,To repairs my dull ness,Reduced spots,Visible smooth skin,Vitamin,Strengthen skin
43,Olay brand,It hs 2 more benefits,Trustworthy,,,Strength glow,Smoother skin,,It keeps hydrated
45,Quit 2weeks in the product.,Very useful product. I like it.,Very likely in the product. Very useful.,,,,Useful product.very important product.,Very very useful product. Important product. I like it this product.,30 ml very long price.
52,Because, Okay Luminous Niacinamide + Vitamin C penetrates deep to bring out my glow from vitamin .,Because Olay Luminous which is scientifically advanced Niacinamide  + Rose Complex repairs 98% of skin damage in 24 hours to give me a healthy, rosy glow.,Because, New  Olay Luminous Niacinamide + Honey complex Reduces 2x accumulated  spots caused by sun melasma for an even, healthy glow.,Because Olay is an antioxidant vitamin B3, C, E. Gives visibly smoother skin in 2 weeks.,Because Olay is  an antioxidant vitamin B3, C , E. 3 vitamin for visibly smoother skin.,Because Olay is an antioxidant vitamin B3, C , E  strengthen skin barrier by +40%.
55,The Olay Regenerist Vitamin C Peptide 24 Serum is a really good product. It's lightweight, goes on easy and soaks into the skin completely. No off putting odor, very light and fresh. After one use, my skin looked brighter.,Now formulated with Olay's Vitamin B3 Complex, and the pampering scent of Rose Water & Sweet Nectar, it hydrates skin better than regular soap to leave you feeling refreshed. ... It wraps your skin in a craveable fragrance and leaving you feeling refreshed.,This radiance-boosting antioxidant serum is designed to target and treat dark spots, uneven skin tone, dullness, and pigmentation.,The Olay Regenerist Vitamin C Peptide 24 Serum is a really good product. It's lightweight, goes on easy and soaks into the skin completely. No off putting odor, very light and fresh. After one use, my skin looked brighter.,The Olay Regenerist Vitamin C Peptide 24 Serum is a really good product. It's lightweight, goes on easy and soaks into the skin completely. No off putting odor, very light and fresh. After one use, my skin looked brighter.,The antioxidant properties of Vitamin C help fight free radicals and damage caused by UV radiation. The result is younger-looking raidant skin!. The Vitamin B3 in the formula works to prevent water loss and retain skin's moisture content. It's also known to increase keratin.
57,WOULD GIVE IT A TRY,IT WILL HEAL INTERNALLY AND RE ENERGIZE THE CELLS,I DONT FACE THIS ISSUE,,MY SKIN REQUIRES IT,STRENGHTENS THE SKIN,BECAUSE IT IS AN ANTIOXIDANT
60,Due to my busy workstyle my skin has become dull. So I want such a product which will repair my skin as well as take out glow from inside and everything I want is matching with this product. Naturally I will definitely purchase this.,It is the thing which I need for my dull skin. So I will definitely buy it.,Everyday due to my work I need to go outside and sunburn damaged my skin a lot although I used variety sunscreen lotion and cream. Now I want to try this to repair my skin. So definitely I will purchase this product.,,This product description is believable and it is very relevant to me. Naturally I will purchase to try it.,,It is such a product which I need to repair and nourish my skin. So definitely I will purchase it.,It is such a product which I want to use daily for nourishing my skin. So definitely I will purchase it.
61,It helps the skin to make it bright.,Its has everything which we want to give our skin.,It recdud spots.,,It has 3 vitamins in one thing.,,,It has very much vitamin in it.,I like it very much.
63,Good for skin and pimples,Good for dry skin,Good for skin,,Better for pimples,,,Good for pimples,Good for oily skin
64,Good for skin,Best for skin,Good for skin,Good for skin,,Good for skin,Best quality for skin product
66,I tried this before, it's not bad.,Not confident,Just for trial,,,Antioxidant,Don't know,Not confirm
68,skin will glow from inside,turn my will turn my dull skin into a glowing one,will get rid of my spots,will get smooth skin quickly,,,for getting a smooth skin,,will keep skin hydrated
69,It is always a good product,I like it very much,It is a good product,,It is a good product,,I like it,,It is good
70,Good for pimples,Good for dry skin,Good for oily skin,Good quality,,Like you too boy and it's good product,,Ok for skin care product
74,Play the very nice products and very good iam very likely the products,The very nice products of the play and very good the facial problem in issues leving,The very good product iam very likely the very natural products and the olay,,The very nice products and very good product iam very likely the play products,,Iam very likely the products and the very nice play ver glooming this,The very nice products and solutions iam very interested the buying this product
76,Niacinamide plus vitamin c that penetrates 2x more and bring glow from within,Niacinamide and rose complex repairs 98% skin damage amnd give healthy rosy glow     and reenertgize skin cells,scientifically advanced Niacinamide & UMF5  + professional grade honey complex penetrates 5x more  to reduce sun melasma,Antioxidant with vitamin B3, C &  E with make visibly smoother skin in 2 weeks,Antioxidant with vitamin B3, C AND E for smoother skin,,,,niacinamide with made 91% skin hydrated and smooth
79,Can't say,Good product,Good product,Good product,,Good product,,,Don't like
81,It's very good,Because it's little sticky kind of.,It's not that much good only ok kind of.,It's good but little sticky kind of,,It's good but costly.,,It's good
82,Penetrates deep bring out glow , brings glowing and radiant  skin,Repairs tired & dull skin for rosy and healthy glow,New Olay Luminous Niacinamide & UMF5+Professional Grade Honey Complex penetrates 5x to reduce accumulated spots caused by sun melasma,OLAY REGENRIST ANTIOXIDANTS  B3 , C , E  Visibly smoother skin,,,OLAY REGENRIST ANTIOXIDANTS  VITAMIN B3 , C , E  CLINICALLY PROVEN SMOOTHER  SKIN,OLAY REGENRIST ANTIOXIDANTS VITAMIN B3 , C , E SMOOTHENS THE SKIN
85,I have used Olay and i loved it so i think this product will be as effective if not more,i do have dry skin and do not sleep well so if this does what it claims it can do then i would love to try it,im biased towards Olay and have found the product i used effective and love it so i would not be opposed to trying something new they have to offer which i believe i need,in 2 weeks ?? very unlikely!! tall claim,dont need smoother skin,,,,i have dry skin and would like to have something that helps me with that. ive tried other products and it did not live up to their claims
86,Vitamin C is known to brighten skin and reduce marks so I would use it,I am impressed with the claim and would like to try it. Reducing 98% of skin damage in 24 hours is a big advantage,I have dark spots on my face and am unable to reduce them. This product claims to remove spots and it is an play product so I trust the claim to be genuine,Antioxidant.  It is a favourable ingredient to have as it purifies and nourishes,,,Antioxidant, and vitamin content,,Although it is not attractively displayed, the ingredients are beneficial.
88,To remove skin dullness in one cream idea is  Quite interesting.,Because it mentioned to remove my skin dullness in 24 Hours.,It removes sun melasma that appear from long time.,,,Because it mentioned strengthen the skin.,Because it add many vitamins in one cream.,Because it look not interested.
90,It seems good for dry and aging skin,It seems good for skin that needs moisturising and it soothes aging skin,Seems good for dry and aging skin,,Good for dry and aging skin,Seems good for dry and aging skin,,Good for dry and aging skin
91,I don't need such a product ,I have a normal.skin time which is good enougb,I don't need such products,Depnds on the results,,,I don't believe there are such creams which work.work dees,Because the reality is very different to advertisements,I don't need such a product
93,Best product,Good product gives to us,Improve our skin,Best product in this honour,Antioxidant,,,,Good product
94,Seems great to me,I like the rose flavour,Olay is one of my favourite brand and this is all i want in aproduct,,I like th product and i will definitely try it,I like the product and will use it,,,I have not used the kind of product so can't say anythinf
96,It's a believable theory based on nanotechnology. Both vitamin C and niacinamide are great skin smoothers from the inside .,Rose is one ingredient that brings out the inner glow and coupled with niacinamide its an unbeatable combination.,Honey is a powerful tan remover and it does the job of skin conditioning beautifully.,Repeated usage of vitamin in combination is boring,The repetitive usage of various vitamins makes it seem like deja vu ie been there,done that !,,,,Niacinamide 5%
98,due to its genuine price,due to its softness and smoothness,the product quantity and quality both are very fine,visibly smoother skin in two weeks,,,30 percent smoother skin,89 percent smoother skin in two weeks
99,it does not suit my skin,it does not suit my skin,it does not suit my skin,,no idea,nothing,,,no idea
101,quality of the product,the product quality,product quality,,The quality of the product is promising,,,product quality looks very good,The product combination
102,its glowing skin,its better for skin,its totallynatural,its glowing n smooth skin,,recd all vitamins to skin using cream,its safe for skin using antioxidants
106,It has vitamins c,It'd from well known brand,It's good,It has vitamins c and e,,,It's  from well known brand,,It hydrated skin by 91 %
109,My favourite childhood remember that it is a great day and I will,My name is a great weekend and I will be,My name is a great day ahead I am not,My favourite childhood remember that it is a great,My favourite childhood remember that it was a temporary to,,My favourite childhood remember that it is a great
111,Because his such a good product,Because his such a good product,Because his such a good product,His very benefit product,,,His such benefit product,,His good profit this product
113,scintifically advanced,niacinamide and rose complex penerated 2X more to repair,for an even healthy glow,visible smother skin in 2 weeks,,,30% smother skin,89% smotother skin in 2 weeks
115,Best skin care product,Good skin product,I like it,,Good,Best for skin care product,,Good product for skin
116,As my skin is becoming dull day by day so it will definitely make my skin look good and radiant and Olay is a trusted brand.,Olay is a big brand and I trust this brand. My skin looks very dry and dull so it will definitely makes my skin looks better and give a beautiful rosy glow.,My skin has lot of pigmentation and I am really tired of using so many creams but all in vain. I wanna try this one for sure as I trust this brand.,Its not possible to repair the damage skin in just 2 weeks so this statement you could change.,Its not possible to repair the damage skin in just 2 weeks.,,,,Middle aged people's skin become very dull and rough due to less hydration. As it mentioned 91% hydrated and smooth skin and its tested for 6 weeks so it sound appealing.
117,Would like radiant skin,Have sleepless nights. So would like to check it out,Overall the description is appealing.,Don't believe creams give smooth skin,,Confused about skin barrier,,Don't believe antioxidants from cream give good skin
122,Because of vitamin c content good for skin,Because of rose complex ingredients,Honey complex content,,,Because of vitamin b3 content,Because of antioxidant property skin looks shiny,,Because of hydrating power
123,My dull skin will be feels fresh and glow when i used it,Because niacinamide helps my skin pampering effects,For main reason that cream clear my uneven skin tone andsun melasma,,Vitamin b3,c,e...benifits more effective in my skin,,My skin soft and glowing...i like this product,Smooter skin in two weaks.very easy to reach my goal
124,Because this product is comfortable for my and all skin types,Because this product is very good for my skin,Because I like this product,Because I like this product,Because I believe this product and company,,,,Because I like this product
125,My skin is already quite glowing because of the skin care I use but play seems to have some amazing ingredients in list that makes one to definitely buy this for that glow from within.,I feel that Im a sort of person who sleeps extremely late and this product is right for my choice and is definitely gonna help me to reduce my dull and tired skin, which very much to my knowledge can be done by okay which is an amazing brand in itself.,Uneven skin tone is a very big problem for most of them who travel in the day. Even I have such problem and it doesn't stop there it causes aging faster and not at all healthy. To reduce these issues I feel like would strongly buy okay luminous to reduce my uneven skin tone to a greater extent and to live a healthy and youthful life for my body and my skin.,,This is an amazing product that I have used and gotten an amazing result so it's the best.,,,This product is one amazing product in itself and play never fails to amaze us with the amount of work that has been put out for making this amazing product that just beautiful sets on the skin like a gel and gives us that natural glow from with its antioxidant formula is new and engaging which to my knowledge is the best for today's world,This product is minimal and amazing for smooth skin I would be happy to try out this new product for amazing results
128,penetrates deep to bring out glow from within,not relevant or unbelievable,even skin tone,visibly smoother skin,not believable,,not interested to buy
129,I don't need it,Brand value is one of the reason,I have this condition,,,I don't need it,,I have dry skin,Want to smoth my skin
131,Because it's gives me a glowing skin.,Because it's gives me a glowing skin and repair skin damage so fast.,Because it's a product which give me protection from sun light and also give a glowing skin.,,,Because I know this brand and i use this before. It's very workable product.,,Because it's gives me a natural smoother skin,Because I don't know this brand very well
132,I like to buy it definitely, because it is so unique and beautiful product and I can get a lot of benefits of skin,If I get results in 24hours, then I will definitely like to use it,I have no idea about removing strong spots as well as the picture,Because I think it is too much healthy product for skin,I think it is too much healthy for skin because three vitamins are included in this,,I like to buy it definitely because of it's healthy benefits
134,I like very much. I love that product. I interested to buy that product.,I like very much. I feel very happy to buy that product.,I love very much. My family interested to buy that product. I feel very happy.,,,My family interested to buy that product. I love very much.,,I love very much. I feel happy to buy that product.,I interested to buy that product. I love very much. I feel happy.
135,This told me that it would give the brightness and fairness in Austin therefore would feel like likely to buy this product,This is the exact thing which I was searching for since long this instead had is relevant to me I would like to purchase this,Every people have faced due to some but this is something which every person needs to put remove everything from our skin so this is a product which I feel I am likely to buy,,,While getting age you get wrinkles on your face this would help you not happening of that therefore I am quite likely to buy this product,,Which shows we would get fairness in just two weeks which I feel is impossible therefore I would never buy it or Never wouldn't will to buy it,Every face gets dehydrated very soon so this would help us keeping her face hydrated therefore I am likely to buy it
136,Good for skin,Very good for skin,Very good product for skin,,,Very good product quality,,Very best quality,Very good
137,I don't see any advertisement on this product .,Because I used the product for skin.,I used the product, and it gives very good result, so I quite likely to buy buy Olay product. Thank you,I am not seeing any advertisement,,,Same answer I'm not seeing any advertisement and some time I don't get product in shop,,I don't know this brand name minimalist
138,It has vitamin c it can glow my skin,No comments,It has benefits of honey it reduce the spots on the face,No comments,It has vitamin  b c and e it glow my skin smooth and clear,No comments
141,I believe it will really get a glossy  look,Since i would like to have a glossy skin,I would like to have spotless skin,,,Great product,Looks great and trusty,Trust this product and i like to have a clear skin
147,Ut is good and give my skin glow,Will keep my skin  twenty four hours healthy,Will remove my dark spots,Will keep my skin smooth in two weeks,,,Will keep my skin smooth,,Will keep my skin smooth
148,It contains vitamin c. It brings out to glow,It contains rose complex,It contains honey complex,,It contains anti oxident,It contains vitamin,,It contains anti oxident
150,It penetrates deep and gives glowing radiant skin,It repairs tired and dull skin and gives a rosy healthy glow,Reduces spots and gives a healthy glow,Visibly smoother soft skin with antioxidant properties,,Strengthens skin barrier by 40%,,,It hydrates 91% and gives smooth and soft skin
154,since vitamin c penetrates deeper into the skin my skin will look healther,as i do not get adequate sleep i tend to get dull & tired look most of the time therefore I think the product is very good for me,I do not have my skin darken due to sun so I do not need to buy this product,,3 vitamins essential for my skin is present in this product,this product will help my skin from all the outside dust elements to penetrate inside the skin,,My skin is very dull and I need to have a smooth skin
155,it has  Vitamin C for glowing  skin. My skin is little dull . but very sensitive . I  planning to  buy this product after   taking Dr. advice.,I am facing this  skin problem. I used to sleep late, I think it cause microdamage to my skin cells. . This product  benefits are impressed me.,I do not have this skin condition what ad has  shown.  In future if it required I may purchase.,The  brand is very trustworthy. I like all their products.  This is also very useful. But cost is high.,,The product  ad is impressed  me. Content of the product is made me to buy. it has Vitamin B3,C,E,,,,The product  goal is good  but I can not use all  product. I have Oil skin on T zone.   so I  may purchase.
156,Has the benefits of Vitamin C and meets my needs.,I have a dull skin and this seems to be helpful to me.,It's a promising product and much needed but the price is high.,,Power of 3 vitamins in one.,,Clinically proven that it will give 30% smoother skin.,Has all the essential ingredients for a glowing skin and is from a reputed brand like Olay.
158,Cause it's so costly for me I couldn't buy,Great picture of your products,It's too much costly for me,Extremely costly than others,,,It's very costly than others,Extremely costly than others but I have it
162,Its good yeah.,Seems expensive,It looks good, nice improvement but 8 weeks is verylong,,,Its pretty and nice,,Pretty poster.,Its nice
166,Still now i did not use it before,It repairs 98% of skin damage and gives healthy , shine to skin,It has honey to glow the skin,,because it cost too expensive,I know little bit only,,because i know little bit only
167,Vitamin c is the best for face.,When the olay is applied to face tha face is glowing.,Olay is healthy glow,,In this product have 3 vitamins b3, c, E so I gave 4 score,,I think Olay is the best product for applying face so I gave 4 score.,,Its a felt hydrated and smooth skin.
168,It is good for quality and repase,It is a very good products for shinning,This product is very much useful in our day to day life.,The product is very useful and unique.,Because it is useful in our day to day life.,Useful for anti-aging and wrinkles.
169,I would like to buy as it needs for my skin types,I like the product for Tired and dull skin and would like to try it,I like the product and it is required in this season,I feel its too costly and i may or may not buy this,,,,I would like to buy this product as i require it most,Because i need to check whether it fits my skin tone or not
173,It is come in luminous niacinamide and vitamin c,It looking good and have done in 24 hours with rose Complex,It is also looking good and have honey complex,It is likely to be use and good looking,It is looking good,It is come vitamin B and c
174,I am used this product at past years it is an extremely good product when I used.This give healthy glow on to my skin.,I am used this brand cream and serum .it gives instant glow on my skin. My skin is look like very healthy and shiny whole the time.,I am used this products at past years. This is helps to glow on my skin. It is a keeps my skin at healthy glow.,,This cream  is very nourishing my skin . It is helps to reduce wrinkles on my skin.,This cream will  contain vitamins.  This is helps to give skin glow own my skin.,,,This product I am used past three month. It is a  amazing product ever I am used. It is helps to reduce my pimples on my skin.
180,Because it has vitamin c which penetrates in the skin and  helps to glow,Because not only it repairs the skin but makes it to glow and repairs it,Because it removes melasma and makes even skin tone,,,,Antioxidant and smoother skin,Because it  has antioxidant and makes the skin smoother in just 2 weeks,Hydrated and smooth skin
182,as age progresses dark spots and blemishes are likely to appear. i would like to prevent its occurrence.,who doesn't like a healthy glow on their face. sometimes i feel my skin looks a bit dull. therefore i will consider this product for that glow.,i am a homemaker. i do not go out. if circumstances make me go out,i will definitely consider this product.,,i will buy this product for a healthy,smooth and glowing skin.,i don't understand the description of the product. what do you mean by  strengthening skin barrier?,i want  a soft and smooth skin.this is the reason i want to buy this
184,It claims that it will be more effective to our skin due to penetration 2 x more to bring out your glow from within,The product claims to repair the skin and clear the damages happen to skin and gives a healthy skin,Product claims that it will reduce spots and gives a healthy glow,,3 vitamins for visibly smoother skin,Strengthen skin barrier by 40%,,,Smooth skin
185,Have used it in past,I want to buy because it is a good brand,Natural ingredients,It makes my skin look good i feel,,,Vitamin B3,,Make my skin look smooth
188,Because it was a famous and authentic brand, this product very innovative and unique also very relevant for me and it content very believable,Repair tired and dull skin for rosy and healthy glow it has rose complex it re-energized our skin cels,It reduces spots by sun melasma it has honey, it give healthy glow skin,,It has antioxidant, and vitamins for visible smooth skin,It reduces skin barrier and give a healthy and glowing skin,It has vitamin e, c and b3 ,it was clinically proven and it give us a smoother skin
193,who would not want radiant skin,looks too common place,looks a genuine product,,looks rich for skin,looks dodgy product,looks good
196,Niacinamide is a very good for skin hydration and vitamin c reduces the pigmentation of the skin as well as provides that glowy skin,It sounds almost unreal to promise the healing of 98%of the damaged skin. Maybe some but not all.,As an Indian who is outside in the sun for quite a long time it is very easy to damage our skin. And as we age the damage progresses. So if there is a product which helps to reduce those damages it is a good investment for our skin. It is not just for the appearance but for overall skin health.,,All the vitamins advertised are known by majority as essential for good skin health as well as for general damage control of the skin.,All the vitamins mentioned are essential for skin health. So if in topical application the skin gets it's nutrition then it is good.,The vitamins mentioned are essential for skin health so the people knowledgeable about the skin health will most likely buy it.
197,Vitamin C Deep penetration,Repair microdamagedull skin Penetrates  Reenergize skin cells Healthy skin,Reduces spots Penetrates 5 times more,Smoother skin and lot of vitamins,,,,Antioxidants and vitamins + 89% smooth skin in 2 weeks,Don't understand how niacinamide is helpful
199,Compared to this product previous product was good,Thehrs, compared to others product seems to repair 98% of damaged cells in 24,Before the skin was itchable after 8 weeks the skin is different, spots are too less compared to b4.,,Not interested,Olay antioxidant having vitamin,It's clinically proven and provides 30% smoother skin
202,This product give me a lot of fairness and glow,It repair our skin and dullness of our skin,This product is very useful for my makeup accessories and I enjoy when I use Olay products,,It has vitamins and it is antioxidant,This product is antioxidant and good for skin,This product is antioxidant and it repair our skin dullness
205,I have already used Olay products and they are very effective,Olay is a trusted brand and is reliable international brand,Olay proves what it says and is extremely worthy every penny,It is a very good product and effictive and this product is lovable,,,,Love the products,Minimalist is a product that is magic it does on face
207,The best of luck to you soon best regards,The best of luck to you soon best regards,The best of luck to you soon best,,The best of luck to you soon best regards David,The best of luck to you soon best regards,The best of luck to you soon
208,Vitamin  v,Rose,Honey,,Not unique,40 %,How proven is it
213,Vitamin C good for skin,I have a good skin,Brand and after using good result,Same,,,,Vitamin b3 and c good for skin,Serum Good for skin
222,Sometimes i think need to try this at the same time iam unaware about its side effects,I would likely to buy the product..because the add is attractive and infomative..so need to try this,I only buy products  after the genuine review of customers..or need strong satisfaction from manufacturers,,Because these vitamins are good for skin..so i hope it will done super magic on my skin,I cant buy a product just only from an add i need strong feedback from owner or users,I really dont know wether its useful or not..to make a trail is not possible due to its highcost
225,The product has vit c which is very much required,The brand is fab and this looks a great product for my face,The brand name and the things in the product,The brand is too good and effective,,,,The product is very nice and believable as it has good properties,Never tried the brand so little doubtful
227,I don't believe the claim made by the product, neither do I see substantial difference between the before and after images.,I am not sure the product really works as it claims to.,I do not have a problem with melasma. So I do not require the product mentioned.,The cost of the product is too much.,,,,The cost of the product.,The cost of the product is too much.
228,Scientifically advanced niacinamide,Rose complex to penetrates 2x more to repair,Reduces 2x accumulated spots caused by sun melasma,,For visibly smoother skin,It strengthen skin barrier,It has vitamin b3,c,e
275,I'm in need of this,I never heard of this product,I have heard of this product already,Using different product already,,,,I'm already using another product,This is not suitable for me
286,It was not oily very nice product,It is very good product,This was vey good to body and no bad,This is very costless and very good product,,,,This is very nice product,It was very nice and no harm to our body
289,It has niacinamide and vitamin c which are very good for skin,I'm not interested in this,It reduces 2x accumulated spots,I'm not that much interested in this,,,It contains antioxidants,I dont need this
293,Gives a glow from within,Everyone wants a healthy skin,Not very attractive otr gets my attention,,,,Smoother skin,Grabs attention,Not interested
299,Vitamin c added,Repair skin damage,Reduce dark spots,,Smooth skin,Anti oxidant,Clinically proven
300,It will give glow,Good,It reduce sun melasma,,Nice,Nice,Gives smooth skin
304,Good accomplish skin products,Creamy moisturizer products,Good convenient,Smoother,,,,Smoothenee,Good usage of collection
305,I am using vitamin c serum. It is sticky. It looks weird to my face. So i want to to try this product in order to get rid of the serum effect,I had the same problem that skin looks tired and dull. So i want to try this.,I want to get rid of this sun melasma.,,,I just want to try the product,Vitamin B3, Cand E are best for skin. So i want to try this,,I want to keep my skin hydrated all time
306,It's new,Its new one so I like to buy,Because it's good,It's looks ok,It's looks great,,,It's new one so
307,It is because it has vitamin C which is beneficial for skin and give glowing skin,It is because i just need to try whether it can repair my skin damage and give a rose glow,Because i have been suffering from sun damage for many months on my skin, if this could help then i will be so thankful.,It is because now the seson is so cold and skin starts to become dry. I hope this would help to smoothen,,It is because i dont get a clear view about strenthen the barrier by 40%,I like to purachse it as it has necessary vitamins and antidoxidant
313,Not interested to buy,Re energies the cells and repair tired and dull skin,Provides even skin tone and healthy Care,,,,Smooth skin and provide anti oxidant,89 Percentage smooth skin assured,New and Different
314,I would love to try a new product from Olay which has a great image as a brand for skin care products,I have a dull skin, whenever I apply a product on my skin, it just glows for an hour and after that , it just turns dull, So, I would love to try this product,I am personally facing this problem on my face and I would love to try this product,I love Olay as a brand and would like to try a new product from Olay,,Olay as a brand has a great image and its products suit my skin prtty well,,I have dull skin, I would like to try a product which gives smoother skin.
315,I'm looking for something like this product,I think it's a good product,It is quite appealing,,Maybe because of vitamin b and c,,Because of antioxidants,,I want a product with good hydration
316,Vitamin C for glow,rose complex healthy glow skin,Spot reductiomn,antioxidant,,,smoother skin,antooxidant for smooth
318,Because I want my skin to glow.,According to the situation the product is for me . I want to know whether it works for me or not.,Because sometimes I also face the same problem and the product description was good enough to at least try the product.,The part ' Visibly Smoother skin ' made me say that .,It is for smoother skin and I believe I already have smooth skin.,,,,I have somewhat dry skin so I want to try this product.
319,Scientifically advanced,It improves skin and repairs skin damage,Good product,Smother skin,,Antioxidant good for skin,,,Felt hydrated
320,Bringing deep glow from within seems unappealing,Within 24 hours we can reverse the damage,If it's affordable I would most probably buy,,The consumers are more concerned about the outcome. Vitamins for skin are essential but those can be achieved by food also,,Nobody will opt for 30% smooth skin as that can be achieved by home remedies,89% smoother skin tagline
326,My skin has become dull so I want to use this vitamin c content is very appealing,I have damaged skin so I can use this,ItÂ’s appealing and I my skin needs this,,,I will buy the other products if the same,I can get smoother skin,,I have a rough and dry skin so this will be useful
336,I like the product,I love the benefits of the product,I love the benefits,Product description,I believe,,,I Love the benefits
338,This product is extremely good and no side affects also we can use this product.,I liked this product one of my friends suggested it's very good product.,Yes I love this product its very useful and extremely good product.,This product glows our skin and we look very beautiful.,It increases our face glow and looks beautiful.,,This product is very good and it's very useful it glows our skin.
343,I would prefer rose complex,Rose complex is an unique combination,This product gives me solutions for my skin problems,,,Antioxidant helps prevent aging,,It looks appealing,Product doesn't look convincing
346,Okay products are effective so may be this one too I am expecting,Similar products are existing in other brands,It's description and presentation . concept is very attractive,,3 vitamin benefits in one product,Have used this one..it's really effective,,Effective for skin tone
353,It has niacinamide which penetrates into the skin and brightens skin from within,It contains niacinamide and rose complex to repair micro damage to the kin cells and re energise skin cells,It contains niacinamide and honey complex to reduce melasma from your skin,,,It contains vitamin B3,C and E  which strengthens skin barrier by 40%,It contains antioxidants vitamin B3.C,E which penetrates into the skin to give you a smoother skin,,It contains niacinamide which keeps your skin Hyderabad and soft .
355,It's useful in beauty products to improve tone of the skin,It's helps to improve our face skin also lookt good,Good for skin,,,Antooxidant,Contains vitamin,,Benefits percentage
357,because of vitamin c it helps to  bring glow from within skin,it makes dull skin to glow and makes skin soft,because of it reduces sun tan and makes skin even tone,because of antioxidant and brings glow withing 2 weeks,because makes skin smoother and visible,,,because of antioxidant
363,It is trustworthy and effective,It is trustworthy and effective,It's trustworthy and effective,It is trustworthy and effective,,,,It is trustworthy and effective,It makes the skin smooth
365,Everyone needs a glow from the full skin,For tired and full skin quite likely to buy,One of the most reputed brands .  Will live to try it,Smoother skin in 2 weeks,3 vitamins Visibly smoother skin,,Clinically proven
366,Th price of the product seems to be high.,The price seems to be quite high.,Price is quite high. May be this can be reasonable.,The product seems to be reasonable for what it promises to deliver.,This product is priced reasonably.,,,This product seems reasonable for what it promises to deliver.
369,I like vitamin c,Coz I trust niacinamide,I trust niacinamide,,Vitamin e c and b12,Strengthen skin,,Smoother skin in 2 weeks
370,It is super to use,I like this product very much,It is very nice,It is so nice,,,It is nice,,It is convenient to use
371,It has vitamin-C,I always love rose complex,I Have dull skin and spots, I hope this will help me,,,Vitamins,,nice,Good brand
372,Na,Na,Na,,,Antioxidants,Na,,Niacinamide
375,Its too expensive and Im not even sure if its gonna work so i would not buy this at all,It has a good and attractive description and it repairs micro damage it says, so i gave a 4,Since me or my close ones do not suffer from melasma i wouldn't buy this.,It costs too much and i dont like the description i dont believe that anything will working within 2weeks of use,It is too expensive, not everyone can afford. I personally would not but this product because i can't spend so much on any skin care products,,I wouldn't spend a lot of money on skincare products because what if it doesn't work, all my money goes in vain
376,Good for vitamin c,Serum is one of my favorite,Honey is good for skin,Good,Highly cost,,,Olay products is good products
380,Vitamin C, penetrates deep into skin, glowing and radiant skin,with rose, repairs micro damage, re-energize skin cells,Honey and healthy glow, penetrates 5 times, reduces accumulated spot,,anti oxidants and vitamin B3,C,E, visibly smoother skin,Vitamin B3, C,E and antioxidants these will help skin to be more toner,30% smoother skin, Vitamin B3, C, E
390,i dint feel much difference after using,no comments,no comments,,no comment,need it,no comments
391,Skin  look is perfectly,Soft skin  Extra brightness,Extant glow my skin,Exta smooth Extra glow,,,,Smooth skin Extra glow skin Vitamin C available Vitamin E available Antioxidants available,Smooth and glow skin
396,Iam keen to use because I like the idea and ingredients in it,My skin gets dull always,I want to try it,Visible smooth skin,3 vitamins for visible skin,,,,I don't like to use this
397,Effectiveness,Effectiveness,Effectiveness,,,Nice,,Effectiveness,Not good
417,Glow from wirhin,Rosy sjin,Even skin,Smother skin,Vitamin,,30 % smother skin
422,i like this cream very much i am very happy to use it,i like thius ver  i am veru happ to user in am very,i like cream e o usvery much i am very happy t,i like this too much i am very happy to use it,,,i like this too much i am very happy to use this cream,,i like this product
429,Deeper penetration of product,Quick repair of skin damage,I've accumulated melasma and I'd like to cure it.,Smoothens skin,,,Vitamin B3, C, E,,Hydration
431,Vitamin c is love,Seems promising,Niacinamide with honey this combination is quite weird,,Not believable,Looking nice,,,I am using this
433,i liked the bottle of olay because volume is very high in these bottle and also bottle is attractive,because i liked these products very well and I want to buy it,because it has those ingredients that i want in my cream so i want to buy it,,i liked the product very well and I want to buy it,liked the product very good,,i liked the product advertisement and i believe that these product is very useful for me
437,It is very good and fantastic and very interesting likely Vitamin C Oliya,It's very good and fantastic and very interesting,It's very good and fantastic and very important,This is my favorite interesting article,,,It's very good and fantastic and very interesting and very important my favourite olay,,It's very good and fantastic and very interesting and very important
441,It is branded and trusted product for skin which images skin glow,It is branded and trusted product which is easy to apply on skin,It is branded and trusted product which satisfy customers and male skin glow,It is branded and trusted product,,,It is branded and trusted product which makes skin glow,,It is branded and trusted product
442,8 week challange,Rose is very esstensial for us,Honey  helps to pure feeling,,,,Antioxidants,Antioxidants,Price is too heavy
443,I haven't used this product before so i think its not my skin type,I think it suits my skin type,It has honey & umf5 so its good for skin,,,,Because they say that it make skin 30% smoother,Its has a new idea so i can give it a try,I can't fully believe in the product that's why i cant extremely buy the product
444,Product is not so much for my nerd,I am not satisfied with the product,I like this product,,Good for healthy skin,It is useful for the skin,,Good for healthy skin
446,This is very effective for all skin types. This is includes vitamin c. It gives radiant and glowing skin.,This is 24 hours to give healthy and rosy glow. Repairs 98% ofskin damage.,This is contains honey.this is maintain even tone. This gives healthy grow.,All products are good and easy to understand what does contains. Honey complex is my favour.,This is contains vitamin B3, C, E. Antioxidant. It gives smoother skin.,Strengthen skin barrier +40%.price are comfortable.
447,I like this product and make score 100,One of the best product,I like this product,Good quality product,,,Nice product good,,Very good product
449,By seeing it's useful I thought,The add Wii be relevant and convinced then by using only we can say deep about this product.,Now a days more people having this problem,so I think it will be more effective for the problem.,,,,In this having antioxidants so that I say that.,Seeing it's convence ing.,This is the biggest solution for the women's facial problems
450,Because vitamin c helps to glow skin,Rose complex makes to tighten my skin and reduce the all open pore,Because it gives the spot less glow and clear the skin,,It smothes our skin,It brighter our skin,,It smother for skin
457,It's a very good and fantastic and very likely brand,It's a very good and fantastic and very likely,This is a very good and fantastic and very interested,,,,It's a very good and fantastic and very likely,It's a very good and fantastic and very likely brand,It's a very good and fantastic and very interested
458,the before and after pictues look almost the same to me no drastoc chnage or anything,i dont understand how the serum helps the skin in the pictorial representation of with serum and without serum,the before and after poctures show's a drastic change,smoother skin at age of 44 in 2 weeks its just impossible,,,i use other serums that help my skin and i wouldnt wanna spend my money on sompet im not sure will work,,5% niacinamide? there 10% available in the market why would i go for less concentration
460,Its a new and relevant product,Rose extracts are highly advisable by experts,Honey in products is what I always wanted to try,,Its the best anti oxidant product,Its a conventional yet dependable product,,Its a new and easy to use product
461,It's a very good and fantastic and very interested,It's a very good and fantastic and very likely,This is a good and fantastic and very interested brand,,,,It's a very good and fantastic and very likely,It's a very good and fantastic and very interested,This is a good and fantastic and very interested
465,It is good coberage product,It is nice,Because it is a good product,,Very good coverage,Extremely good product,,It is very good product
466,Scientifically advanced Niacinamide+ Vit C combination,I use rosewater as a toner .It forms an important ingredient of my homemade facial mask .,I use homemade facial masks with honey,I think it is more useful for younger people ie teenages,,,Nothing Specific,,Effects of Niacinamide face serum for  hydrated & smooth skin within 6 weeks .
468,Because  I want to try this product,Because  I might be try this,Because I  want to try this,Because I want to try this,,,Because I want to try this,,I might be try this
473,It contains niacinamide and vit c that's why I found it very effective.,Because I don't have dull skin at all.,It contains high quality honey plus niacinamide,Because of the ingredients,,,I like the ingredients used that is vitamins,,Because is has a very high percentage of perfoy
476,Extremely likely,Very likely that use this,Dark spots is very low to use this product,,Extremely likely,Experience very good,,Like this one
481,Excellent quality,Amazin smell,Good quality,Amazing,,,Good quality,,Good product
486,It's a quality product so i can trust easily.,It wasn't that much effective,By seeing the above images it looks effective on skin,,A artificial product is a always a no comparing to a natural product,Using of artificial products containing a lot of chemicals in skin is bad,,It has many vitamins mentioned in it. So it's better to give it a try
488,It's good attractive and worth it,Worth good,Good,Worth it,,,Worth it,,Chemical free
489,It is a good serum with vitamin c that is good for the skin and at reasonable price,It looks pretty good in terms of features and effects on the skin. Besides, serums are smooth,It has features I have seen in cheaper creams before,,It has 3 kinds of vitamins that are healthy..and they are at high prices so I'm hesistant,I have seen other creams with the same feature at cheaper prices that are effective,,Although a bit pricey, it makes the skin smooth so I might consider it
490,Super serum is exclusive and I will try,Rose extracts are always beneficial,Its a new product to try,Best product for soft skin,,,New and exclusive product,,Makes my skin extremely light and hydrated
494,Do,Health skin,Don't have any sun problem,,Use of vitamin,Skin barrier strength,,Smooth skin
496,Because of its glowing in winter morning express my interest in front of my face and secure product for all skin types i really wonderful day and secure product for all the pleasure,It's already with the reason for the reason I am deewaane and fantastic to taste a standard apartment in front of my face and secure product for all the pleasure of India Today,Because his customers rating is very perfect for fascinating nearby peoples really it's wonderful product for all skin types i like it's packing very much,It's really wonderful product for all the pleasure of India Today group to offer online learnin and secure product for all skin types,,,Yes it's like a lot of India Today conclave and secure product for all the pleasure of India Today,,I personally think it's already with perfect but I have been steadily commencing from minimize charge of the pleasure of India
497,It promises to give glowing skin,It promises a healthy glow.,It promises to reduce spots,It has antioxidants,,,It has anti oxidants,,Niacinamide 5%
498,someone using this product and i saw the results,i like the box,cz i have this problem,,my frnd used it the results are good,strebgthen skin barrier,,smoother skin
500,i dont find this image clear about the difference in before and after,nd i will use it in future because at present i am using some other company product , this is in my mind before only so i am surly  buy it next time,i see the difference in both the pictures that make me to trust this brand and i will surly buy this,,this add gives a look of premium brand thus make me to buy it and use it,this add make it looks like a premium brand thus make it believable that it make difference,,this add five the look of premium brand that make me to buy this no matter what is the rate
504,It is branded and trusted product which makes skin glowing,It is branded and trusted product,It is branded and trusted product,,It is branded and trusted which satisfy customers,It is branded and trusted which satisfy customers,,It is branded and trusted which satisfy customers and customers
505,Vitamin c is really need,It is my favourite and usable flavour also,To see the results,Vitamin c is my favourite thing,,,It gives me smoth skin,,I love to use it bcz I really need glowing skin
507,Scientifically advanced,Because it works 2x better than other products,Because of the usefulness,,Descriped about its benefits,Good product helps in increasing brightness,,It works in skin double faster
511,Olay includes most skincare ingredients the helpings increase the skin brightness,Olay  was amazing skin repairing products.The skin is glowing,Olay is deserve this score.,,This was a antioxidant product that,I extremely like this product,,This my favorite skin care product
516,Good products,I thin it is helpful for my skin,I believe on the products of Olay,,Good product,Good product,,89% smooth skin is eye catching
519,Nice description,The ingredients it is made up of,I want a healthy skin and this attractef me towards this item,Clear and staright forward,,,Nice advertisement,,Description is not great
521,It contains vitamin c,It make rosy,Healthy glow give even tone,,3 vitamins,That us not much attractive,,I don't think what it claims they give
536,This is not abranded products so lam gives that score,This is only rose flower,Another product lam used,I am used in another product,,,It is cost is high and smooth skin percentage is low,,Skin smoothing
537,Need instant glow,Never try mew products,Not having problems advertised here,Dont believe in these kinds of products,,,Antioxidants,,I need hydration for my dull skin
539,Vitamin c,Quality,Extra features of the product,Smoother skin,,,Clinicky proven,,Not effective
540,It contain vitamin c it is important  for your body and also the result  will be seen shortly  and there is no side effects,Rose water helps the skin to remove  the dust  every women uses that regularly  because every body feel that I have to look gorgeous,The product  reduces the skin problem s now a days we all are going  outside for their work so we need to must secure  yours face also so it is important  for me,,Olaycontain vitamin  B3 ,C,E these are very important  for our body and there are no side effects,Olay contains vitamins b3 ,c ,E ,these are very important  for our body,,We can use these products  because the results  are come out with in a 2 weeks and there are no side effects
543,Because it contain vitamin c which is great to my skin.So i would like to give it a try.,I would like to give it a try because It may help me with my skin to glow , make it healthy.,Because i don't have any uneven tone problem.,I tried it doesn't work so well.,Doesn't work well.,Doesn't work for me.
547,Gives glow to skin,Healthy glow to skin,Good for brightening and reducing marks,Makes skin smooth,,,Makes skin smooth,,Smooth skin
548,It contains vitamin c,It repairs skin damage,It reduces spots,,It gives smoother skin,It contains vit b3, C,E,,Smoother skin in 2 weeks
550,I don't think that Olay was working because I don't have results.,I liked to buy Olay products because this is rose luminous complex and rose is good and suitable all skin types so I think that is liked to me.,I liked to buy Olay products and the good company but some times I think not buy because quality was so high cost,Really I don't know what I say but Olay vitamin c antioxidant moisturizer really care to my skin .,,,I liked to buy extremely liked because this Olay ingredients main important was vitamin c ,E, b3And all others ingredients I really liked and so luxurious products moisturizer.,,I don't like minimalist face serum because all skin types not suitable this face serum and I don't like to buy.
555,I found it overcome my skin issues.,Rose complex is really good for our skin.,Both are good products. I want to use it.,,Good for skin,Antioxidants are good for our skin.,,Good for skin
557,I was looking for such a product,It has naicinanide and will give a healthy glow,This problem is not relevant to me,The vitamins in it and also just 2 weeks to see the result,It is relevant to my need,I don't think I need it
570,It is helpful for most of people,I very like this product,It is very halpful for me, i know have more information for this product,,It is helpful,Very good,,Very good
572,I lik to buy it,It gives me rosy and healthy glow,Because give me healthy and glow skin and i love it,It gives me smoother skin in 2 weeks,,,It give my skin smooth,,It makes my skin hydrat
574,Why verification of employment from the University of,I like very much for your kind perusal and,Why verification of employment from the following,Why should you have received your email address is your,,,Why verification of employment from the following,,Well I will be in the future of our games
577,It's unbelievable and no any cream reduce dark colour.,It's unique and believable idea.,It's better than first one and I believe the concept.,,Because I don't believe it.,It's appealing advertising and love to watch it.,,It's not believable at all and 2 weeks it's so earlier.
583,It is a very good product..my favourite brand. It's very helpful product .it's helpful for skin healthy...it's removed pimple s and black mark for clear skin..it's very help to skin whitening and brightness,It is a excellent product.. most my favourite brand.. i really like it.. this product provide is smooth and soft skin  and clear face..it is removed all back marks and pimbles ..it's more helpful for bringhtening skin..,It is very good product..it is my most favourite brand..this product benefits is smooth and glow skin and very smooth...its removed all black marks and clear skin,Excellent product..this product my favourite..it's help to skin tightening and good health skin...this provides clear skin and soft and shine,,,Excellent product..it's really awesome..it's help to skin brightening and whitening .then clear skin..,,It's very famous brand..l love this product..this product help to skin brightening and age loss..
584,Doesn't show a seeing effect after its use.,Cant say that it is giving a good result, also not seen much improvement - stand still.,It gives some results and show improvement.,,It gives a glowing face.,Much effective, but doesn't show much improvement.,,Hope it may give a good result after a longer duration of use.
593,This is very good for skin,This is very good for skin,This is very good for skin,This is very good,,,This is very good,,This is very good
595,I have given extremely likely to buy request this only product provides me with vitamin c which year from radiant skin for glowing the skin and it also gives me to into popping sound closed from within,as because he's only Rose complex products help me and repairing 90% of my skin damages which gives main 24 hours and healthy Rosy glow so that's why I am given a quite likely to buy this product,As I have in my face accumulated sandwiches so this only product help me in reducing the spots caused by Susan Miller,,SDS antioxidant products of only provides b3c and gives me 3 into vitamins for my smooth skin,St Soldier product is an antioxidant which provides b3 c&e and the attendance is concerned with 40% to I am likely to buy this product,,Olay products is an antioxidant which provides BTC and which gives 89% smooth skin in just two weeks
598,Making an beautiful face skin with smoothness,Facial cleaning is very good by this product,Because it seems to be good and make it freshness,Smooth of the skin make it good one,Beautiful skin are making with smooth,Cream should not have any side effects and good product
599,Most of the product claims same thing that they will penetrates well so I am not sure is this claim 100% believable or not.,There are times when I am very stressed and have load of work so I sleep late at night which causes damage to my skin. So this product will help out to solve that problem.,Summers are coming and most of the time I am outside. So this something I really need.,I am already using a product.,,,Already using a product,,Because I am already using a serum which serves the same purpose and is suited to my skin.
601,It is very good and fantastic and very interesting likely my favourite information and brand,This is my favourite and very likely,It is very good and fantastic and very interesting really my favourite,,It's very good and very likely my favourite information technology,It is very good and fantastic and very interesting likely brand,,It's very good and very likely my favourite
603,This is my favourite and very likely,It is very good and fantastic and very interesting likely my favourite information and,It is very good and fantastic and very interesting lovely my favourite,,It's very good and fantastic and very interesting survey,It's very important my favourite olay,,It's very good and fantastic and very interesting and very important
604,Best cream ever make more happy to use this product so u can give me any more of the day,Best thing is use the product this one very help2for the face,It's a best cream to use for the womens I m so exited to use this product so u can give more rate,,Best product ever to use this I m also very happy to use this one so far days,Very best to use the best product in the world,,I m very happy with the company for a product but I have not seen any of the day dear pu 6 I have been working with the company for a few years
605,It is unbelievable what it's claim,I used it before it doesn't suits me,It doesn't suits me,,,,It doesn't suit me,Because it has vitamin c,Smooth skin
610,This is the best,This is the best,This is the best,This is the best,This is the best I,This is the best
612,As this product claims that it will not make the skin dull which my skin is. That made me to buy this product,Because right now I am not in a position to buy any product,I would like to buy this product because it says that it will reduce the spots which I want,,Because it will smooth the skin. That's why I want to buy it,Because this product will strengthen the skin,,Because the product claims it will smooth the skin which I want now
618,olay is a brand i personally like alot because i have been using this product from last 10 years also my mama like this product she also used this product from laat 10 years. Now olay claims it brings out the glow from within this is what i like about this and it makes me extremely likely to buy this product,there is a rose complex in the olay which i like most and likely to buy it,honey is good for health and even for face so i would like to buy it,,3 vitamins are also good,40% extra strengthening is a extremely Better thing,,89% smoother slin in 2 weeks is a big claim  so i like it
619,Olay is a good brand.,Olay is a very good brand of skin creams.,Olay is a good brand of facial products.,Play is a best brand.,,,Play is a good brand.,,Minimalist is a good brand.
622,Vitamin  c bright the skin,It repair my skin,Somthen the skin,,,,Extremely smother,Increase glow,It hydrate my skin
623,Glowing skin,Healthy glow,I want to give it a shot,,I want smoother skin,Does not convince me to buy.,,My skin needs antioxidant
631,vitamin c pentrates deep into skin,2 times better and repair damage cells,presence of honey moisteiser skin,smoother skin in 2 weeks,,,presence of vitamin b c,,it hydrates skin
633,Good product,Olay product is good and quality product..,I love olay product because this product shut my scene and olay products is good,Visible smoother skin in 2 weeks,,,I love olay all product,,I used this but this product not shut my scene
635,Has vitamins which is healthy for skin,Nature ingredients,Has attractive banner and information,,Smooth skin,Antioxidants which is protective,,Vitamins that will enhance skin smoothness
639,Because of quality,Because of best quality and long lasting energetic face.,Because of brand Goodwill and nice quality.,,Nice for sure quality control,Nice quality and useable,,Beautiful quality and hotness
657,I loved the way they have said about each and everything about the product and as the others products have chemicals but no vitamins in it so vitamins is very necessary so I loved it I would definitely go for it,As it is quite relatable and I liked the way they have potrait it that attracts me to buy the product as it gives me the benefit and they are speaking about everything that is there in the product.,As it is relatable to me and I really want to product like this that can have some effect to my uneven skin tone as I am always out in the sun so I found this can help me to reduce it.,In this there is not much written about the product but it is believable as there is vitamins in it so it attracts me to buy as it is good to have a product with vitamins and not chemical,So as I said vitamins plays an important role in any of the product so I would rwally like to buy as it gives moisture to the skin as it as vitamins,I dint found anything new in this nor they are saying what will be there in the product it is not that attractive as I want my skin to protect .
663,Its very costly not very suitable  on my skin texture,Its a reallly extremely  likely to buy because  the serum is very effective it re-energize my skin cells and make my skin glowing,It really  removes and reduces dark spots and make my skin healty ang glowing,It is a very good product  but it is costly tooo but it suits me,,,In this product there is vitamin c  that keeps my skin fresh and smoother and reduces  dark spots,,It keeps my skin 12 hours hydrated  and keeps my skin fresh and healthy
674,I like  olay luminous .I useful forever.,I use ,then powerfull  results.,I like very much buy for olay product,I used this products,,,I  extremely like very much  to buy,,I like quite  likely to buy minimalist
685,This is a very good,This is a very good,This is a very good,This ia a very good,,,This is a very good,,This is a very good
689,This is the best,This is the best,This is the best,This is the best,,,This is the best,,This is the best
691,This is the best,This is the best,This is the best,This is the best,,,This is the best,,This is the best
693,It makes my skin looks beautiful and likeable,It will repairs my dull skin and nourish it,It will reduce spots on my skin,,,,It contains vitamins  and its clinically proven so I can trust it,It will make my skin looks more young and healthy  Also smoother,Its pocket friendly and hydrate my skin what else I want ?
695,The uzful I am happiness and I,The uzful barnd the best I realy like it was good to me and would like to,The uzful I am happiness,The uzful I am happiness and I like,,,The uzful I am happiness and,,The uzful I am happiness and I like
698,It's a very reliable product,Very reliable,Reliable,,Smooth,Efficient,,Efficient
702,Makes me want to buy it,Interested to buy,It makes me interested to buy,,Description is easy to buy,Full of vitamins,,Makes my skin smoother
705,Face wash,Oley products,Face cream,Face cream,,,Night cream,,Face cream
710,I will buy it,Product features,I like the product features.,,Product attractive features,Product features,,Very attractive and reliable
712,Looks good,First I research about this product and know the review of the people who used it,The packaging is attractive,,The poster seems to be very attractive,Looks to fansi which makes it less believer,,It seems somehow believable
713,The price is not affordable,The price is beyond my budget,Don't have this issue with my skin and price is too high,,It has something more than other brand offer but price should be affordabe,price is out of budget range,,The claim is for 2 week is not accepatable
715,Presence of nacinamude and vitamin c brings out my glow and i beleive it.,I like it because its claim tgat it will repair tired and dull skin,I have this provlem and it seems to be a good remedy.,,It contains lot of antioxidant and it is very essential for skin,It contains vitamins b3,c and E antioxidents,,It will smooth skin
720,It make your skin glow from within,I think itÂ’s not very expensive also and good for my skin even,ItÂ’s the best original product good for skin care,,,,ItÂ’s very new and attractive,ItÂ’s very attractive,ItÂ’s very different product from others
721,I love this one,This product is fantastic.l like it.,This is very good product.l.like it,This is visible smoother skin immediately,This is a effective product,I love this one
726,Because it's very easy to use,Because it's good service,Because it's best quality and good service,,Because it's very valuable,Because it's very important,,Because it's best
727,As it bring out our glow,As it repairs our skin to rosy and healthy,As it reduce sun melasma,,As it has vitamins in it,As it strengthen our skin and have vitamins in it,,As it smoother our skin in just 2 weeks of time
730,I have dull skin and not much time for skincare I think this might be a good product,I suffered with sleepless nights most of the time and I want something to increase the glow in my fave,I have started to develop light sun melesa I think it will stop it In the beginning,,I suffered with acne which makes my skin look bumby I think it will smoothen out the texture of my skin,Strong skin barrier by 40%,,89% smooth skin in 2 weeks
746,Its a reputed brand that makes a difference between the two distinct product and will make the brand more by working on the desired sector,Olay is a reputed brand that can offer everything they try to,It will work on uneven skin tone as it describes,,Smoother skin is a must for as i am having wrinkles,Strengthening skin barrier is something everyone likes to have,,Smoother skin in two weeks is a dream and i should try it
748,The use of vitamin c,The components,The components,More better products in this league for lower price,The use and blend of vitamin s,Not that impressive
761,This is the best,This is the best,This is the best,,This is the best,This is the best,,This is the best
2195,I am interested in the product, but would like to know more.,I would like to know more about it.,I want to know more about it.,I think it will work to some extent.,,,I want to know more of the benefits.,,The results are impressive.
2209,It features are really good,Its a brand item so I am confident is using it but confused that this cream suits me or not,Its brand name,Brand name good result,,,Extremely result,,Soomthness
2212,I like vitamin c,Its different from other,Honey for good,Its good,,,Its different from other,,Its good
2219,Because it's has vitamin c and makes my skin glow,Sleeping always makes skin glow when you wake up and it's has rose complex which is attractive,Honey is good for moisture to face which gives golden colour look,Vitamins and moisture skin,,,Doctor Approved and has vitamins,,Smooth skin texture and hydrated
2235,Niacinamide and vit c,Rose formula,Honey complex,Result in 2 weeks,Similar products available,Antioxidant and vitamin b3 , c ,e
2238,It penetrates through skin and may cause some damage to skin,It will damage skin quickly,It may have heavy chemicals,It will give result in 2 week,,,It will give 30% only,,Skin will be hydrated
2244,Vitamin C with Niacinamide for Radiant Skin,Niacinamide and Rose Complex,Niacinamide & UMF5+ grade Honey Complex,Antioxidant Formula,VItamin B3, C and E with Antioxidant,Regenerist Formula with Antioxidant
2248,It is convenient,It is appropriate,It is super,,,,It is apt for use,It is nice,It is user-friendly
2250,Actually it seems to be a good one for raising the glow of our skin. Thats why I gave 5,I expect some rosy glow from it,I liked this as the honey was a key source here,Thats a good glowing product,,I think so the product is beneficial,Source products used here makes me to give 5
2253,As a relative,Rose complex,Honey complex,,,,Clinically proven,Antioxidant,Hydrated athe b smooth
2260,Because it brings more glow on skin,The image itself wants me to buy and try this product,Because it gives healthy glow skin,,,,Because it gives more smooth skin,Because they said it gives smooth skin within 2 weeks,Because it also gives smooth skin
2262,Very appealing,Very innovative,Very interesting,,,,Smoother skin,Smoother skin,Smooth skin
2279,As a person who faced dull skin this product seems apt for the cure,The before and after pictures seems quite acceptable, that's why am scoring a 5,The picture description seems quite acceptable and that makes me think this product will work out well,The product seems suitable for dull and acne prone skin , that's why am considering to buy this product,,The product seems quite believable,,The product seems appealing so I'll buy this product
2281,The formula niacinamide and vitamin c looks it actually will work out,Guarantee given by them  changed me eagerly wanted me to try this product.,I have this problem. I would like to buy this because of honey complex included in that.,Price is little bit Higher. I used to buy quality products in an affordable price,Even though it has three antioxidants it smoothens the skin but I am not interested in using products which smoothens skin.,Antioxidant mentioned there seems to be little believeable so I may give a try to this product
2286,Because it is luminous Niancinamide,vitamin c,Radiant skin,Repaired Tired& Dull skin for a rosy,healthy grow,Reduces spots caused by sun melasma for an even,healthy grow,,,,30% smoother skin clinically proven,Antioxidants consists vitamin B3,c,E,89% smoothy in 2 weeks,Antioxidants  vitamins B3,c,E,91%felt hydrated and  smooth skin,Niacinamide 5% face serum
2287,not very much apeling,eagerly wanna buy and use the product,really wished to use the products,,extremly believable,very good and premium brand,,very believable brand
2290,Its scientifically advanced cream to glow skin,Be cause it's protect skin and give instant glow,Its reduced spots,Its contain vitamins b3 C E,,,Its smoother skin,,Give smooth skin
2292,This has the benefit of Niacinamide and Vitamin c and so this penetrates 2 times more to bring more glow and gives me glowing and radiant skin,The product helps me repair 98 percent of damaged skin in 24 hours and also this has the benefit of niacinamide and rose complex,This has the benefit of niacinamide and honey complex that reduced the accumulated spots caused by sun melasma and reduces the accumulated sun melasma to give me a healthy skin,Olay antioxidant has the benefit of Vitamin B3, C and E and so it gives me smoother skin 2 weeks,,,Olay antioxidant has the benefit of vitamin B3, C and Vitamin E and helps me get 30 percent smoother skin,,This has the unique benefit of Niacinamide 5 percent skin serum and gives me hydrated and smooth skin always
2293,This is also good however, when compared to previous product, this is not equal,I am using this now,It is very much expressive manner,,,Like same comment in previous,I will try this product,Cream is good but not too much
2298,Vitamin c are most used for my skin and oily shiny of cutest benefits,Cream it's very pretty of my face very good product,My face it's very cuteness to and briteness and black pimples are reduced,Skin whitening and it's easily attached all type of age person,Yes it's very useful for mine and extremely likes for creating face,,,,Minimalist design of small attention to the serum
2300,Give glow skin,Make dull skin to glow and give energy to skin,Good for dark skin,,Make 3 vitamins to smoother skin,,,Make smoother skin,Make smooth skin
2302,Niacinamide, vitamin c for glowing skin,Repair tired and dull skin,Reduces spotsand gives healthy glow,,3 vitamins for smooth skin,,,Smoother skin within 2 weeks,91 %hydrated and smooth skin
2306,It gives glow to my face,It repairs dull skin and given healthy glow to our face,It reduces spot in our face and given glow,It gives smooth to our skin,In this product 3 vitamins are available,,,It gives 88 smooth within 2 weeks
2308,The product idea is new and sounds promising, so I want to try the product to bring out the glow in my skin and also to nourish the skin,My skin looks dull due to lack of sleep and I think this product will help my skin and give it a healthy rosy glow since it contain niacinamide and rose complex,This product will probably help to reduce my dark and uneven skin tone caused by sunlight. It also penetrates skin 5x more so it will probably work better.,I already use a similar kind of product with similar claims. Also this particular product is too expensive,,Product is similar to other products available in the market. It has similar claims. So not sure if I will buy this particular product,This product is similar to many other products available in the market. It does not have anything distinctive, so I'm not sure if I will buy this particular product.
2389,because it is more appealing and reasonable.,Semms the conetent given is true.,Becasue it is honey related poduct. Which tells removes complex.,,I hope it makes the skin visible smoother skin.,Because I think this gives strength skin barrier by 40%.,,,Because it gives hydrated & smooth skin.
2392,Radiant glow,Very innovative,Very appealing,Visible smoother skin,,,Smoother skin,Antioxidant
2394,incredible and trusted,rosy flavour,honey and reduces spots,,anti oxidant,antioxidant and regenerist,,,hydrated & smooth skin
2405,It bring out the glow from within the skin,It gives the 24 hours healthy and rosy glow skin. It's clear the damage skin 2 times,It reduces the spot created sun melasma over the years. Reduces 2 times spots and 5times more reduce accumulated sun melasma,Within 2 weeks the skin smoothly visible,,Strength skin barrier upto 40% and more,30 percentage smoother skin
2408,The features admire,New features,Not sure,Vitamin,I have smooth skin,Antioxidant
2411,It help my skin to glow,Repairs98, %of skin damage in 24 hours to get give me healthy,, & glow,It reduce sun burn,,It is antioxidant,,,It make my skin 2 weeks,Consumer review
2414,yes because of the product,little bit have trust in the brand so wanted to try,yes because of the brand,,,,to be useful for the skin,wanted to use the best one,yes quit like to get and try the new things
2443,I don,t need it,It interesting and it is believable,I want to try and test it,It attracts me to buy it,,,It gives smoothness to my skin,Gives smoother skin in 2 weeks
2461,It turn my skin bright,I like its indrigians,It helps to remove blemishes,,,,It is good,It is good,It is good
2462,It is innovative and convenient in usage,Seemed attractive,It is user friendly and,Caters to youths,Smoothness skin,It is innovative and convenient in usage
2467,Because it is trustworthy and reliable,I am impressed by its quality,Because I like it's features.,,,,I like it's features,It is trustworthy and reliable,Because it is trustworthy and reliable
2471,The knowledge i hold about the active ingredients in the product, they are the solution to my skin problem. Also, olay products have been used in my family since quite some time now. They are quite reliable in terms of what they claim make and results they give.,As someone who regularly miss a healthy night sleep, this seems like a product i should definitely buy.,I don't suffer from this particular skin problem.  So ot isn't that relevant for me to buy,There are plenty of antioxidants based products available in the market claiming what not. The only reason i might buy it, is because of the brand name.,Again, for the brand,,,Honestly,  i could be because of an odd no. Being used makes it quite distinctive to remember
2480,Its bring glow skin,It clears dull skin,It gives uneven tone,,,Strengthen skin,Clinically proven,,Smooth skin
2482,It's for glowing and radiant skin so it's help me to get glow +vitamins c is there so I like it more,Because it repairs skin damages and it gives a rosy look and glow to the skin,It's is mainly from honey complex so it help me to accumulated sun melasma,It gives smoothing to the skin and it's antioxidants and it contains vitamins B3,E,C,It smoother the skin and it contains 3 vitamins it help to glow and it is antioxidant,,,89%smoother skin and it contains 3 vitamins and ot is antioxidant
2484,I want to try this product,I love the packaging,Because I trust it,The outlook is good,Because I don't like it,,,The price is affordable
2485,It would suit my skin,Good for my skin,It would be good for my skin,,,Should be good for skin types,It would be good for my skin,,Should improve skin conditions
2489,It does not look appealing.,It claims that it will recover 98 percent of the skin damage which is totally a false claim.,IT is somewhat believable.,The product looks appealing.,Maybe I will buy. Vitamins for skin is a new idea.,,,I feel it will smooth the skin in 2 weeks.
2499,Because olay product take care of skin in all time so i choose 5,Repairs 98% of skin its amazing,I am always choose product after using then i customize other people,,,Skin brightening,Glowing skin,,Smooth skin
2504,Easy to use,It's was amazing,It's was trusted,,,Trusted brand of ever,,Easy to use,Good to use
2509,Vitamin c,Re-energize skin cells,5x more to reduce,Smoother skin,Antioxidant,,,Smoother skin in 2 weeks
2510,I Love the product because it will remove all the dust particles from my skin,By the products apprance looks attractive.,It glow the skin within,Beautiful product helpful and glowing treatment for skin,It is quite attractive as well as help full to my skin,,,Smoother skin in just 2 weeks
2511,Vitamin c contain,Dull skin,Ingredients,Vitamin and smooth skin,I like the ingredients,,It contains vitamins and give smooth skin
2512,This product is really work,I never try olay but my sister use this product and I really quite to buy this product,My friend use this product and her malasma is totally unusual and her face is clean and clear,,,My family use this product,I use olay serums that is fantastic,,Serums is superb
2519,It is natural .,It is natural with rose flavor,It not has side effects,,,It is natural, has all the vitamins smooth and light,It is natural and has vitamins and make skin smooth,,It is natural, smooth feel skin hydrated
2520,It is better than others,It is better than others,It is better than others,It is better than others,It is better than others,,It is better than others
2521,I love this product very much,This is like the product i would prefer for a face serum,Because i have spots all over my face and i want to reduce it .,,I have a rough skin,I wanted a serum cum antioxidant,Because i want a smooth skin
2522,Contain vitamin c that penetrates 2x more bring out your glow from within for glowing radiant skin,Repair the skin damages,Good money value,Visibly smoother skin,,,,Good product,Felt hydrated smooth skin
2523,i wanted to try this vitamin c serum if there are no side effects.,rose glow using serum is really good we dont have to use blush anymore.,Honey in a serum is really innovative.,,,i already know the benefits of vitamin E, i will definitely try it.,,i personally think this will work out for my skin.,its quite common.
2529,I like to buy vitamin c related products.,I am suffering from these type of problem due my baby .,I am not occasionly going outside now a days but after a month , I am going to jib I would really conside,I like play products,I like olay products,,,,I didn't used this product
2536,Glowing and radiant skin with vitaminc,Healthy glowing skin repair micro damages,Reduces sun melasma,,,If available in my area i try to buy,,Rich vitamins,May or may not buy this i am not aware about this
2538,I like this product. I think this olay luminous product good for my skin condition.,I  think just try this product but i believe this product good for my skin,Because i think this product improve my skin glow,,I like Your approach. I think it's a healthy product,Because it having vitamin b3,C ,E,Because it gives 30% smoother skin
2544,As the product is suggested for glowing and radiant skin, I'm quite interested in buying it. It also has niacinamide and vitamin c that are really popular these days and i would also like to try out new products to see what works,I don't think the product focuses on anything mainly and is quite similar to other products and it isn't that appealing,I don't have spots caused by sun melasma but i would like to try the product out,,The product has the same description has any other product in the market and isn't that appealing,Even though the product isn't that appealing i would still like to buy it and see if it works,The product lookes appealing as it says it's clinically proven 30% smoother skin
2552,Not that distictive but can be reled,Re-energizes the skin,Best for healthy skin glow,,,,Different than others,Good for skin,Different among other products
2556,Good,I don't like this product. This is not suitable for my skin. So i didn't buy this product at all.,I don't like to buy Olay. Is not suitable for my skin. So i didn't buy this product,,,Good,Don't aware,Good
2560,good and healthy ingredients,the ingredients are probably what my skin needs,i don't face this issue currently,very expensive,can't relate much,,,,very healthy for skin
2561,Niacinamide is a good source to lighten spots and vitamin c helps brighten the skin texture and reveals a radiant skin glow. I would definitely buy this product as these days everyone is looking for hassle free glow and a serium offering the same will be best for that matter,This product has niacinamide and rose complex which are both very good and effective elements to nourish as well as brightens the skin effortlessly. I was looy for a product like this since some time and if olay introduces this product i would like to buy it.,I don't have sun damage so I'm not very likely to buy this product but i might want to suggest this product to somi i know to deal with the problem this product suggest to get rid of.,This product has vitamin B3, c and e which are good sources to improve the skin texture and i want to have even tone and smoother skin and i would buy this product,,I am not sure of the benifit this product introduces me to and i Don't think i would be willing to buy such a product which offers something i have no concern about, this product might be good but not relevant to me.,This product claims that it is clinically tested and proven that it improves the skin's texture by 30% and makes skin smoother by 30% and it makes it stand out from other products available in the market because this has been clinically proven and i would definitely buy it.
